﻿<?xml version="1.0" encoding="utf-8"?>
<projectSettings>
  <projectSetting name="com.google.external-dependency-managerAnalyticsCookie" value="63c36a610d1f455b9aecc24bf508669c" />
  <projectSetting name="com.google.external-dependency-managerAnalyticsEnabled" value="True" />
  <projectSetting name="com.google.firebaseAnalyticsCookie" value="17ab8f6477d540e89c82ce3a39445ea8" />
  <projectSetting name="com.google.firebaseAnalyticsEnabled" value="True" />
  <projectSetting name="Google.IOSResolver.VerboseLoggingEnabled" value="False" />
  <projectSetting name="Google.PackageManagerResolver.VerboseLoggingEnabled" value="False" />
  <projectSetting name="Google.VersionHandler.VerboseLoggingEnabled" value="False" />
  <projectSetting name="GooglePlayServices.AutoResolverEnabled" value="False" />
  <projectSetting name="GooglePlayServices.PromptBeforeAutoResolution" value="False" />
  <projectSetting name="GooglePlayServices.UseJetifier" value="True" />
</projectSettings>